"Model","RMSE","MAE","MAPE","R2"
"LSTM",518.522906916288,423.000583703252,99.6560756120028,0.934632357108355
"BPNN",517.04250209857,421.578251747203,97.7272007529373,0.962587051947517
"GRNN",518.058625808798,421.703896921305,96.0087434650068,0.915270448800964
