"Model","RMSE","MAE","MAPE","R2"
"LSTM",5.93748884584382,5.21885091750251,119.710230058464,0.921761593618869
"BPNN",5.75036039808178,4.88469233477074,61.7175106897626,0.906259478816569
"GRNN",4.92356425815447,3.76166138304229,77.6893200229746,0.786202981044842
