"Model","RMSE","MAE","MAPE","R2"
"LSTM",15.1810029095861,12.8372190140625,32974.9177372456,0.937859960322113
"BPNN",14.7904979274945,12.1046537460346,13135.7846863656,0.962587051947517
"GRNN",13.9070844599213,11.8902940412538,32468.3595103526,0.915270448800964
