"Model","RMSE","MAE","MAPE","R2"
"LSTM",5.57914612981793,4.8138284431264,111.604357136647,0.915161107787372
"BPNN",5.75036039808178,4.88469233477074,61.7175106897626,0.906259478816569
"GRNN",4.92356425815447,3.76166138304229,77.6893200229746,0.786202981044842
